ip.src,padding.type
1.0.0.2,EDNS0
1.0.0.3,EDNS0
1.1.1.1,EDNS0
1.1.1.3,EDNS0
1.1.1.2,EDNS0
103.196.38.38,no padding
103.86.99.100,no padding
103.86.96.100,no padding
109.248.149.133,other padding
134.255.247.23,no padding
135.125.191.156,no padding
138.201.81.119,no padding
146.112.41.2,EDNS0
146.112.41.4,EDNS0
146.70.82.3,other padding
146.70.66.227,other padding
149.112.112.10,no padding
149.112.112.11,no padding
149.112.112.112,no padding
149.112.122.10,no padding
149.112.122.20,no padding
149.112.122.30,no padding
151.80.222.79,other padding
155.254.21.250,other padding
162.14.21.178,no padding
162.159.36.1,EDNS0
162.14.21.56,no padding
162.159.46.1,EDNS0
168.95.1.1,no padding
168.95.192.1,no padding
165.231.253.163,other padding
173.234.56.115,other padding
178.254.22.166,no padding
177.54.145.131,other padding
18.254.96.167,EDNS0
185.183.106.83,other padding
185.246.188.51,no padding
185.43.135.1,EDNS0
185.247.225.17,no padding
193.135.142.1,no padding
193.135.143.1,no padding
193.135.143.13,no padding
193.135.143.15,no padding
193.135.143.11,no padding
193.135.143.252,no padding
193.17.47.1,EDNS0
193.135.143.7,no padding
193.37.255.227,other padding
197.155.92.20,no padding
197.155.92.21,no padding
198.54.117.10,no padding
198.54.117.11,no padding
198.7.58.227,other padding
198.60.22.2,no padding
198.60.22.22,no padding
208.184.237.45,no padding
208.67.220.2,EDNS0
208.67.222.222,EDNS0
217.0.43.50,no padding
217.138.219.219,other padding
217.138.220.243,other padding
216.238.98.60,no padding
217.160.166.161,no padding
217.160.70.42,no padding
223.6.6.6,other padding
23.19.245.84,other padding
23.19.245.88,other padding
37.120.142.115,other padding
37.120.152.235,other padding
37.120.207.131,other padding
37.120.193.219,other padding
37.120.211.91,other padding
37.120.235.187,other padding
37.228.132.139,no padding
45.67.219.208,no padding
45.90.28.1,no padding
45.90.28.10,no padding
45.90.28.101,no padding
45.90.28.102,no padding
45.90.28.103,no padding
45.90.28.104,no padding
45.90.28.105,no padding
45.90.28.106,no padding
45.90.28.107,no padding
45.90.28.109,no padding
45.90.28.108,no padding
45.90.28.11,no padding
45.90.28.110,no padding
45.90.28.111,no padding
45.90.28.112,no padding
45.90.28.113,no padding
45.90.28.115,no padding
45.90.28.116,no padding
45.90.28.117,no padding
45.90.28.118,no padding
45.90.28.119,no padding
45.90.28.12,no padding
45.90.28.120,no padding
45.90.28.121,no padding
45.90.28.122,no padding
45.90.28.123,no padding
45.90.28.124,no padding
45.90.28.125,no padding
45.90.28.126,no padding
45.90.28.127,no padding
45.90.28.114,no padding
45.90.28.128,no padding
45.90.28.129,no padding
45.90.28.130,no padding
45.90.28.131,no padding
45.90.28.132,no padding
45.90.28.133,no padding
45.90.28.134,no padding
45.90.28.136,no padding
45.90.28.135,no padding
45.90.28.139,no padding
45.90.28.140,no padding
45.90.28.141,no padding
45.90.28.13,no padding
45.90.28.142,no padding
45.90.28.144,no padding
45.90.28.146,no padding
45.90.28.147,no padding
45.90.28.149,no padding
45.90.28.15,no padding
45.90.28.152,no padding
45.90.28.153,no padding
45.90.28.154,no padding
45.90.28.156,no padding
45.90.28.138,no padding
45.90.28.157,no padding
45.90.28.158,no padding
45.90.28.160,no padding
45.90.28.162,no padding
45.90.28.137,no padding
45.90.28.163,no padding
45.90.28.165,no padding
45.90.28.167,no padding
45.90.28.148,no padding
45.90.28.17,no padding
45.90.28.171,no padding
45.90.28.172,no padding
45.90.28.155,no padding
45.90.28.14,no padding
45.90.28.145,no padding
45.90.28.174,no padding
45.90.28.175,no padding
45.90.28.161,no padding
45.90.28.176,no padding
45.90.28.170,no padding
45.90.28.177,no padding
45.90.28.178,no padding
45.90.28.180,no padding
45.90.28.181,no padding
45.90.28.182,no padding
45.90.28.164,no padding
45.90.28.183,no padding
45.90.28.184,no padding
45.90.28.185,no padding
45.90.28.166,no padding
45.90.28.186,no padding
45.90.28.188,no padding
45.90.28.19,no padding
45.90.28.192,no padding
45.90.28.193,no padding
45.90.28.195,no padding
45.90.28.159,no padding
45.90.28.196,no padding
45.90.28.168,no padding
45.90.28.169,no padding
45.90.28.199,no padding
45.90.28.2,no padding
45.90.28.143,no padding
45.90.28.173,no padding
45.90.28.151,no padding
45.90.28.150,no padding
45.90.28.202,no padding
45.90.28.204,no padding
45.90.28.179,no padding
45.90.28.190,no padding
45.90.28.191,no padding
45.90.28.21,no padding
45.90.28.210,no padding
45.90.28.212,no padding
45.90.28.218,no padding
45.90.28.22,no padding
45.90.28.221,no padding
45.90.28.226,no padding
45.90.28.227,no padding
45.90.28.23,no padding
45.90.28.233,no padding
45.90.28.235,no padding
45.90.28.187,no padding
45.90.28.16,no padding
45.90.28.245,no padding
45.90.28.215,no padding
45.90.28.249,no padding
45.90.28.231,no padding
45.90.28.219,no padding
45.90.28.232,no padding
45.90.28.220,no padding
45.90.28.197,no padding
45.90.28.223,no padding
45.90.28.253,no padding
45.90.28.252,no padding
45.90.28.209,no padding
45.90.28.244,no padding
45.90.28.18,no padding
45.90.28.211,no padding
45.90.28.248,no padding
45.90.28.236,no padding
45.90.28.206,no padding
45.90.28.207,no padding
45.90.28.238,no padding
45.90.28.201,no padding
45.90.28.230,no padding
45.90.28.242,no padding
45.90.28.247,no padding
45.90.28.33,no padding
45.90.28.34,no padding
45.90.28.35,no padding
45.90.28.254,no padding
45.90.28.27,no padding
45.90.28.39,no padding
45.90.28.41,no padding
45.90.28.42,no padding
45.90.28.3,no padding
45.90.28.43,no padding
45.90.28.31,no padding
45.90.28.228,no padding
45.90.28.47,no padding
45.90.28.28,no padding
45.90.28.36,no padding
45.90.28.214,no padding
45.90.28.51,no padding
45.90.28.225,no padding
45.90.28.246,no padding
45.90.28.250,no padding
45.90.28.216,no padding
45.90.28.24,no padding
45.90.28.60,no padding
45.90.28.61,no padding
45.90.28.63,no padding
45.90.28.62,no padding
45.90.28.239,no padding
45.90.28.29,no padding
45.90.28.200,no padding
45.90.28.69,no padding
45.90.28.241,no padding
45.90.28.224,no padding
45.90.28.82,no padding
45.90.28.87,no padding
45.90.28.243,no padding
45.90.28.88,no padding
45.90.28.251,no padding
45.90.28.213,no padding
45.90.28.40,no padding
45.90.28.5,no padding
45.90.28.9,no padding
45.90.28.234,no padding
45.90.28.95,no padding
45.90.28.217,no padding
45.90.28.32,no padding
45.90.28.99,no padding
45.90.28.45,no padding
45.90.28.203,no padding
45.90.28.222,no padding
45.90.28.7,no padding
45.90.28.81,no padding
45.90.29.105,no padding
45.90.28.85,no padding
45.90.28.50,no padding
45.90.28.6,no padding
45.90.29.115,no padding
45.90.28.20,no padding
45.90.28.189,no padding
45.90.29.128,no padding
45.90.28.240,no padding
45.90.28.53,no padding
45.90.28.44,no padding
45.90.28.64,no padding
45.90.28.237,no padding
45.90.29.134,no padding
45.90.28.66,no padding
45.90.29.137,no padding
45.90.28.25,no padding
45.90.28.78,no padding
45.90.29.121,no padding
45.90.28.90,no padding
45.90.28.92,no padding
45.90.28.57,no padding
45.90.28.65,no padding
45.90.29.127,no padding
45.90.28.54,no padding
45.90.28.59,no padding
45.90.28.198,no padding
45.90.28.68,no padding
45.90.28.97,no padding
45.90.29.158,no padding
45.90.28.89,no padding
45.90.29.145,no padding
45.90.29.116,no padding
45.90.28.79,no padding
45.90.28.98,no padding
45.90.29.109,no padding
45.90.29.153,no padding
45.90.29.166,no padding
45.90.29.173,no padding
45.90.29.122,no padding
45.90.28.70,no padding
45.90.29.176,no padding
45.90.29.178,no padding
45.90.29.160,no padding
45.90.28.93,no padding
45.90.29.107,no padding
45.90.29.111,no padding
45.90.29.124,no padding
45.90.29.106,no padding
45.90.29.167,no padding
45.90.29.184,no padding
45.90.28.48,no padding
45.90.29.119,no padding
45.90.29.114,no padding
45.90.29.187,no padding
45.90.29.110,no padding
45.90.29.171,no padding
45.90.29.151,no padding
45.90.29.174,no padding
45.90.29.177,no padding
45.90.29.155,no padding
45.90.29.123,no padding
45.90.29.148,no padding
45.90.29.159,no padding
45.90.29.125,no padding
45.90.28.84,no padding
45.90.29.188,no padding
45.90.29.154,no padding
45.90.29.136,no padding
45.90.29.186,no padding
45.90.29.201,no padding
45.90.29.202,no padding
45.90.29.146,no padding
45.90.29.207,no padding
45.90.28.229,no padding
45.90.28.52,no padding
45.90.29.118,no padding
45.90.29.156,no padding
45.90.29.179,no padding
45.90.29.204,no padding
45.90.29.198,no padding
45.90.29.210,no padding
45.90.29.219,no padding
45.90.29.218,no padding
45.90.29.150,no padding
45.90.28.58,no padding
45.90.29.221,no padding
45.90.29.172,no padding
45.90.29.168,no padding
45.90.29.120,no padding
45.90.29.103,no padding
45.90.29.197,no padding
45.90.28.49,no padding
45.90.29.199,no padding
45.90.29.240,no padding
45.90.29.203,no padding
45.90.29.152,no padding
45.90.28.96,no padding
45.90.29.206,no padding
45.90.29.208,no padding
45.90.29.220,no padding
45.90.29.142,no padding
45.90.29.211,no padding
45.90.28.8,no padding
45.90.29.225,no padding
45.90.29.180,no padding
45.90.29.216,no padding
45.90.29.62,no padding
45.90.29.61,no padding
45.90.29.228,no padding
45.90.29.243,no padding
45.90.29.100,no padding
45.90.29.22,no padding
45.90.28.80,no padding
45.90.29.200,no padding
45.90.29.163,no padding
45.90.28.83,no padding
45.90.29.253,no padding
45.90.29.189,no padding
45.90.29.63,no padding
45.90.29.224,no padding
45.90.29.64,no padding
45.90.29.195,no padding
45.90.29.68,no padding
45.90.29.194,no padding
45.90.29.212,no padding
45.90.29.183,no padding
45.90.29.108,no padding
45.90.29.236,no padding
45.90.29.170,no padding
45.90.29.232,no padding
45.90.29.75,no padding
45.90.29.77,no padding
45.90.29.69,no padding
45.90.29.182,no padding
45.90.29.222,no padding
45.90.29.82,no padding
45.90.28.38,no padding
45.90.29.83,no padding
45.90.28.67,no padding
45.90.29.84,no padding
45.90.29.74,no padding
45.90.29.67,no padding
45.90.29.248,no padding
45.90.29.86,no padding
45.90.28.46,no padding
45.90.29.89,no padding
45.90.29.91,no padding
45.90.29.239,no padding
45.90.29.90,no padding
45.90.29.93,no padding
45.90.29.144,no padding
45.90.29.94,no padding
45.90.29.58,no padding
45.90.29.80,no padding
45.90.29.254,no padding
45.90.29.214,no padding
45.90.29.95,no padding
45.90.29.59,no padding
45.90.29.250,no padding
45.90.29.73,no padding
45.90.29.72,no padding
45.90.29.165,no padding
45.90.29.149,no padding
45.90.29.217,no padding
45.90.29.241,no padding
45.90.29.97,no padding
45.90.29.242,no padding
45.90.29.98,no padding
45.90.29.185,no padding
45.90.29.249,no padding
45.90.29.227,no padding
45.90.29.96,no padding
45.90.29.245,no padding
45.90.29.133,no padding
45.90.29.191,no padding
45.90.29.192,no padding
45.90.30.1,no padding
45.90.29.139,no padding
45.90.29.251,no padding
45.90.29.87,no padding
45.90.29.231,no padding
45.90.30.100,no padding
45.90.29.129,no padding
45.90.29.147,no padding
45.90.29.101,no padding
45.90.30.113,no padding
45.90.30.115,no padding
45.90.29.60,no padding
45.90.30.120,no padding
45.90.30.105,no padding
45.90.30.130,no padding
45.90.30.13,no padding
45.90.30.126,no padding
45.90.29.161,no padding
45.90.29.130,no padding
45.90.29.246,no padding
45.90.30.108,no padding
45.90.30.154,no padding
45.90.30.10,no padding
45.90.30.165,no padding
45.90.29.99,no padding
45.90.30.17,no padding
45.90.30.107,no padding
45.90.29.66,no padding
45.90.30.172,no padding
45.90.30.103,no padding
45.90.29.81,no padding
45.90.30.178,no padding
45.90.30.131,no padding
45.90.30.133,no padding
45.90.30.136,no padding
45.90.30.148,no padding
45.90.30.111,no padding
45.90.29.162,no padding
45.90.30.186,no padding
45.90.30.190,no padding
45.90.29.244,no padding
45.90.30.192,no padding
45.90.30.196,no padding
45.90.30.109,no padding
45.90.30.153,no padding
45.90.30.20,no padding
45.90.30.161,no padding
45.90.30.206,no padding
45.90.30.106,no padding
45.90.30.187,no padding
45.90.30.21,no padding
45.90.30.19,no padding
45.90.29.85,no padding
45.90.29.213,no padding
45.90.30.211,no padding
45.90.30.215,no padding
45.90.30.156,no padding
45.90.30.110,no padding
45.90.30.112,no padding
45.90.30.175,no padding
45.90.30.119,no padding
45.90.30.188,no padding
45.90.30.229,no padding
45.90.30.203,no padding
45.90.29.190,no padding
45.90.30.194,no padding
45.90.30.114,no padding
45.90.29.196,no padding
45.90.30.184,no padding
45.90.30.140,no padding
45.90.30.202,no padding
45.90.30.217,no padding
45.90.29.215,no padding
45.90.30.12,no padding
45.90.30.118,no padding
45.90.30.225,no padding
45.90.30.227,no padding
45.90.29.252,no padding
45.90.29.209,no padding
45.90.30.143,no padding
45.90.30.234,no padding
45.90.29.223,no padding
45.90.30.254,no padding
45.90.30.236,no padding
45.90.30.123,no padding
45.90.30.233,no padding
45.90.29.235,no padding
45.90.30.241,no padding
45.90.30.170,no padding
45.90.30.35,no padding
45.90.30.244,no padding
45.90.30.41,no padding
45.90.29.234,no padding
45.90.30.230,no padding
45.90.30.231,no padding
45.90.30.177,no padding
45.90.30.57,no padding
45.90.30.18,no padding
45.90.30.179,no padding
45.90.30.242,no padding
45.90.29.70,no padding
45.90.30.63,no padding
45.90.30.69,no padding
45.90.30.250,no padding
45.90.30.155,no padding
45.90.30.193,no padding
45.90.30.168,no padding
45.90.30.160,no padding
45.90.30.169,no padding
45.90.30.144,no padding
45.90.30.76,no padding
45.90.30.3,no padding
45.90.30.44,no padding
45.90.30.219,no padding
45.90.30.249,no padding
45.90.30.239,no padding
45.90.30.52,no padding
45.90.30.212,no padding
45.90.30.89,no padding
45.90.30.77,no padding
45.90.30.81,no padding
45.90.30.80,no padding
45.90.30.222,no padding
45.90.30.213,no padding
45.90.29.88,no padding
45.90.30.24,no padding
45.90.31.185,no padding
45.90.31.94,no padding
45.90.30.223,no padding
45.90.30.228,no padding
45.90.30.117,no padding
45.90.30.85,no padding
45.90.31.124,no padding
45.90.30.92,no padding
45.90.30.95,no padding
45.90.30.83,no padding
45.90.30.97,no padding
45.90.30.28,no padding
45.90.30.245,no padding
45.90.31.183,no padding
45.90.30.210,no padding
45.90.30.70,no padding
45.90.30.78,no padding
45.90.30.79,no padding
45.90.30.55,no padding
45.90.30.8,no padding
45.90.30.61,no padding
45.90.30.82,no padding
45.90.30.49,no padding
45.90.30.32,no padding
45.90.30.39,no padding
45.90.30.87,no padding
45.90.30.90,no padding
45.90.31.135,no padding
45.90.31.68,no padding
45.90.30.237,no padding
45.90.30.132,no padding
45.90.30.48,no padding
45.90.30.66,no padding
45.90.30.23,no padding
45.90.30.182,no padding
45.90.30.91,no padding
45.90.30.174,no padding
45.90.30.73,no padding
45.90.31.114,no padding
45.90.29.79,no padding
45.90.31.74,no padding
45.90.30.94,no padding
45.90.30.84,no padding
45.90.30.68,no padding
45.90.30.72,no padding
45.90.30.58,no padding
45.90.30.25,no padding
45.90.30.150,no padding
45.90.30.88,no padding
45.90.30.147,no padding
45.90.31.75,no padding
45.90.30.27,no padding
45.90.30.33,no padding
45.90.30.163,no padding
45.90.30.208,no padding
45.90.30.247,no padding
5.1.32.211,no padding
45.90.30.252,no padding
45.90.30.246,no padding
45.90.30.7,no padding
45.90.30.238,no padding
45.90.30.74,no padding
5.11.11.11,no padding
45.90.30.240,no padding
5.11.11.5,no padding
5.2.75.75,no padding
62.149.128.2,no padding
62.149.128.4,no padding
64.120.5.251,other padding
64.42.181.227,other padding
72.240.115.187,EDNS0
72.240.6.98,EDNS0
76.76.10.0,no padding
76.76.10.1,no padding
76.76.10.155,no padding
76.76.10.2,no padding
76.76.10.32,no padding
76.76.10.33,no padding
76.76.10.34,no padding
76.76.10.36,no padding
76.76.10.37,no padding
76.76.2.0,no padding
76.76.10.4,no padding
76.76.2.1,no padding
76.76.2.11,no padding
76.76.2.2,no padding
76.76.2.3,no padding
76.76.2.32,no padding
76.76.2.33,no padding
76.76.2.34,no padding
76.76.2.35,no padding
76.76.2.36,no padding
76.76.2.37,no padding
76.76.2.38,no padding
76.76.2.44,no padding
76.76.2.5,no padding
77.246.57.132,no padding
77.88.8.1,no padding
77.88.8.2,no padding
77.88.8.3,no padding
77.88.8.88,no padding
77.88.8.7,no padding
77.88.8.8,no padding
78.140.245.17,no padding
78.140.245.13,no padding
8.8.4.4,EDNS0
8.8.8.8,EDNS0
80.156.145.201,no padding
80.67.169.40,no padding
80.67.169.17,no padding
80.67.169.12,no padding
81.169.136.222,no padding
84.232.73.171,no padding
86.106.74.219,other padding
9.9.9.11,no padding
9.9.9.12,no padding
9.9.9.13,no padding
9.9.9.9,no padding
91.219.215.227,other padding
94.140.14.14,other padding
94.140.14.140,other padding
94.140.14.141,other padding
94.140.14.49,other padding
94.140.15.15,other padding
94.140.14.59,other padding
94.198.41.235,other padding
96.45.46.46,no padding
96.45.45.45,no padding
